rf,xg,lgbm
3.171708397171998,3.77964491674158,5.696680359172328
0.5804880645585091,0.7232350182523573,0.8979336950832257
0.9940519449385259,0.9929118527738411,0.9893167453621565
9.746559004067555,5.932220595874988,6.931846720099419
0.9818890899931246,0.9889768365114306,0.9871193462147223
