rf,xg,lgbm
7.404203057872427,10.103577099649558,12.497677990017348
2.1235599325285577,2.5929078843685818,2.923161237077604
0.8551291841401633,0.8023131664423062,0.7554701305980129
53.671896073219706,59.94012658032028,54.00096254927441
0.19078320797433246,0.09627644086266585,0.18582183828929455
