,rf,xg,lgbm
train_mse,12.8526994134336,12.33060741223309,16.69013373109627
train_mape,1.6573931214489832,1.7386466181825975,2.0448554049641823
train_r2,0.9843239201448449,0.9849607012317816,0.9796435082821262
test_mse,58.766534394613444,18.839443620817153,20.99035930345583
test_mape,3.316030226196253,2.1367562954413244,2.283479907790147
test_r2,0.933101262661224,0.978553525345996,0.9761049626602256
