,rf,xg,lgbm
train_mse,1.0525261493924576,1.8605092927005777,2.3635770919746366
train_mape,0.952990746734888,1.4366370485587132,1.6022674798775067
train_r2,0.9454829772588675,0.9036323919564441,0.8775753114086723
test_mse,2.4179521921655347,2.6753918640157943,2.754450432719906
test_mape,1.5891088148735355,1.7136318839853142,1.7491091000905707
test_r2,0.8720572783395306,0.8584352007870373,0.8542519218606139
